Country_of_Origin,Region,Harvest_Year,Variety,Processing_Method,altitude_mean_meters,Total_Cup_Points
Ethiopia,guji-hambela,2014,Other,Washed / Wet,2075.0,89.92
Guatemala,,,Bourbon,,1700.0,89.75
Ethiopia,guji-hambela,2014,Other,Washed / Wet,2075.0,88.83
Peru,,2012,Other,Washed / Wet,,88.75
Ethiopia,"snnp/kaffa zone,gimbowereda",2014,Other,Natural / Dry,1822.5,88.25
United States,antioquia,2014,Other,Washed / Wet,1872.0,87.92
United States,antioquia,2014,Other,Washed / Wet,1943.0,87.92
United States,antioquia,2014,Other,Washed / Wet,2080.0,87.58
China,yunnan,2015,Catimor,Washed / Wet,1450.0,87.25
United States,antioquia,2014,Other,Washed / Wet,2019.0,87.25
Costa Rica,san ramon,2014,Caturra,Washed / Wet,1300.0,87.17
Mexico,xalapa,2012,Other,Washed / Wet,1320.0,87.17
United States,antioquia,2014,Other,Washed / Wet,2112.0,87.08
Brazil,south of minas,2011,Bourbon,Natural / Dry,1250.0,86.92
Uganda,kapchorwa eastern,2013,SL14,Washed / Wet,1950.0,86.83
Honduras,comayagua,2016,Caturra,,1400.0,86.67
Brazil,vale da grama,2011,Bourbon,Natural / Dry,1300.0,86.42
Costa Rica,west and central valley,2015,Caturra,Washed / Wet,1300.0,86.33
United States (Hawaii),kona,2012,Hawaiian Kona,Natural / Dry,,86.25
United States,antioquia,2014,Other,Washed / Wet,1941.0,86.17
Thailand,chiang rai,2012,Caturra,Washed / Wet,1300.0,86.17
Taiwan,natou county,2015,Bourbon,Semi-washed / Semi-pulped,1000.0,86.08
Kenya,nyeri,2014,SL28,Natural / Dry,1754.0,86.08
Brazil,south of minas,2011,Bourbon,Semi-washed / Semi-pulped,1250.0,86.08
Colombia,tolima,2013,Caturra,Washed / Wet,1200.0,86.0
Kenya,kiambu,2013,SL28,Washed / Wet,1860.0,86.0
Uganda,"sipi, mt elgon",2012,Other,Washed / Wet,1650.0,86.0
Guatemala,nuevo oriente,2016,Bourbon,Washed / Wet,,85.92
Uganda,eastern,2013,SL14,Natural / Dry,1650.0,85.92
Colombia,huila,2013,Caturra,Washed / Wet,1800.0,85.92
Panama,boquete,2017,Gesha,Washed / Wet,1600.0,85.83
Guatemala,acatenango,2012,Bourbon,Washed / Wet,1524.0,85.83
Guatemala,nuevo oriente,2012,Catuai,Washed / Wet,1417.32,85.83
Ethiopia,addis ababa,2017,Caturra,Natural / Dry,,85.75
El Salvador,apaneca,2013,Bourbon,Washed / Wet,1500.0,85.58
El Salvador,"ataco, apaneca - ilamatepec mountain range",2012,Bourbon,Semi-washed / Semi-pulped,1350.0,85.58
United States (Hawaii),kona,2012,Hawaiian Kona,Natural / Dry,,85.58
Panama,boquete,2014,Caturra,Natural / Dry,1680.0,85.5
Kenya,kirinyaga,2014,SL28,Natural / Dry,1900.0,85.5
Ethiopia,oromia,2015,Other,Natural / Dry,1900.0,85.5
Uganda,bulambuli eastern region,2013,SL14,Washed / Wet,1600.0,85.5
Guatemala,huehuetenango,2013,Bourbon,Washed / Wet,1731.264,85.5
Uganda,kapchorwa,2013,SL14,Washed / Wet,1950.0,85.42
United States (Hawaii),kona,2012,Hawaiian Kona,Natural / Dry,,85.42
Brazil,south of minas,2011,Bourbon,Semi-washed / Semi-pulped,1250.0,85.42
China,yunnan,2015,Catimor,Natural / Dry,1700.0,85.33
Costa Rica,west valley,2014,Caturra,Washed / Wet,1300.0,85.33
Costa Rica,san ramon,2014,Caturra,Washed / Wet,1300.0,85.33
Ethiopia,yirgacheffe,2009,Typica,,,85.33
Guatemala,oriente,2016,Bourbon,,,85.25
Colombia,santander,2015,Caturra,Washed / Wet,1550.0,85.25
Colombia,santander,2014,Caturra,Natural / Dry,1550.0,85.25
Guatemala,huehuetenango,2012,Caturra,Washed / Wet,1400.0,85.17
Ethiopia,"kefa zone, gimbo distict, at a place called woka araba, south west ethiopia.",2016,Other,Natural / Dry,,85.08
Colombia,pasto,2015,Caturra,Natural / Dry,2560.0,85.08
United States (Hawaii),kona,2014,Hawaiian Kona,Natural / Dry,,85.08
Colombia,cundinamarca,2012,Caturra,Natural / Dry,2136.0,85.08
Uganda,eastern uganda,2016,SL14,Washed / Wet,1800.0,85.0
Colombia,huila,2016,Caturra,Washed / Wet,,85.0
Costa Rica,tarrazu,2016,Catuai,Washed / Wet,1900.0,85.0
Mexico,veracruz,2015,Typica,Washed / Wet,1300.0,85.0
Brazil,grama valley,2012,Mundo Novo,Natural / Dry,1100.0,85.0
Colombia,huila,2016,Caturra,Washed / Wet,,84.92
Colombia,huila,2015,Caturra,Washed / Wet,1775.0,84.92
Taiwan,natou county,2015,Typica,Semi-washed / Semi-pulped,800.0,84.92
"Tanzania, United Republic Of",mbeya,2014,Other,Washed / Wet,1620.0,84.92
Colombia,huila,2012,Caturra,Washed / Wet,1775.0,84.92
Mexico,coatepec,2012,Typica,Semi-washed / Semi-pulped,1200.0,84.92
Brazil,south of minas,2011,Bourbon,Natural / Dry,1200.0,84.92
Brazil,south of minas,2011,Catuai,Natural / Dry,1000.0,84.92
Taiwan,"dongshan dist., tainan city 臺南市東山區",2016,Typica,Natural / Dry,350.0,84.83
Uganda,eastern,2013,SL14,Natural / Dry,1650.0,84.83
United States (Hawaii),kona,2012,Hawaiian Kona,Natural / Dry,,84.83
Thailand,thailand,2015,Caturra,Pulped natural / honey,,84.75
Honduras,marcala,2014,Catuai,Washed / Wet,1450.0,84.75
El Salvador,apaneca,2016,Bourbon,Washed / Wet,1350.0,84.67
Costa Rica,tarrazu,2015,Catuai,Washed / Wet,1150.0,84.67
Guatemala,acatenango,2015,Bourbon,Washed / Wet,1600.0,84.67
Costa Rica,tarrazu,2014,Caturra,Washed / Wet,1750.0,84.67
Costa Rica,costa rica,2014,Other,Other,1750.0,84.67
Costa Rica,west valley,2014,Catuai,Washed / Wet,1200.0,84.67
Taiwan,taichung xinshe 台中市新社區,2013,Typica,Washed / Wet,1000.0,84.67
Colombia,santander,2013,Caturra,Washed / Wet,1550.0,84.67
Kenya,nyeri,2012,SL28,Washed / Wet,2000.0,84.67
Guatemala,oriente,2012,Bourbon,Washed / Wet,1310.64,84.67
Guatemala,acatenango,2012,Bourbon,Washed / Wet,1524.0,84.67
Mexico,el remudadero,2012,Typica,Washed / Wet,1200.0,84.67
Uganda,mbale,2012,Other,Washed / Wet,1775.0,84.67
Colombia,santander,2016,Other,Washed / Wet,1500.0,84.58
Colombia,huila,2016,Caturra,Washed / Wet,,84.58
Guatemala,jalapa,2014,Pacas,Washed / Wet,1524.0,84.58
Guatemala,oriente,2014,Bourbon,Washed / Wet,1219.2,84.58
Colombia,santander,2013,Caturra,Washed / Wet,1550.0,84.58
Colombia,huila,2013,Caturra,Washed / Wet,1750.0,84.58
Kenya,,2013,SL28,Washed / Wet,,84.58
Colombia,huila,2012,Caturra,Washed / Wet,1750.0,84.58
Costa Rica,tres rios,2012,Bourbon,Semi-washed / Semi-pulped,1575.0,84.58
Colombia,huila,2012,Caturra,Washed / Wet,1800.0,84.58
Brazil,vale da grama,2011,Bourbon,Semi-washed / Semi-pulped,1300.0,84.58
Brazil,mountains of minas gerais,2011,Catuai,Semi-washed / Semi-pulped,1100.0,84.58
Costa Rica,valle central,2017,Caturra,Washed / Wet,1200.0,84.5
Uganda,eastern uganda,2016,SL14,Washed / Wet,1750.0,84.5
China,yunnan,2015,Catimor,Washed / Wet,1680.0,84.5
Costa Rica,tarrazu,2014,Caturra,Washed / Wet,1700.0,84.5
Colombia,cauca,2015,Other,Washed / Wet,1800.0,84.5
China,yunnan,2013,Other,Washed / Wet,1100.0,84.5
Guatemala,oriente,2013,Bourbon,Washed / Wet,1310.64,84.5
Kenya,nyeri,2012,SL28,Washed / Wet,2000.0,84.5
Mexico,hustusco,2012,Typica,Washed / Wet,1350.0,84.5
Mexico,jaltenango,2012,Typica,Washed / Wet,1500.0,84.5
Guatemala,"el tumbador, san marcos",2012,Bourbon,Washed / Wet,,84.5
Costa Rica,tarrazu,2016,Caturra,Washed / Wet,1300.0,84.42
Colombia,pitalito,2015,Caturra,Natural / Dry,,84.42
Colombia,huila,2014,Caturra,Washed / Wet,1775.0,84.42
Taiwan,"mountain ali, taiwan",2012,Typica,Washed / Wet,1200.0,84.42
United States (Hawaii),kona,2012,Hawaiian Kona,Natural / Dry,,84.42
Kenya,nyeri,2017,SL28,Washed / Wet,1800.0,84.33
Honduras,comayagua,2016,Caturra,,1500.0,84.33
Colombia,huila,2016,Caturra,Washed / Wet,,84.33
Honduras,central region,2016,Catuai,Washed / Wet,1500.0,84.33
Colombia,huila,2015,Caturra,Natural / Dry,442.0,84.33
Colombia,huila,2013,Caturra,Washed / Wet,1800.0,84.33
Mexico,tuxtla gutierrez,2012,Typica,Washed / Wet,1700.0,84.33
Brazil,vale da grama,2011,Yellow Bourbon,,1275.0,84.33
Taiwan,國姓鄉 guoshing township,2016,Typica,Washed / Wet,1000.0,84.25
Thailand,chiang rai thailand,2015,Catimor,Natural / Dry,1200.0,84.25
Colombia,nariño,2016,Caturra,Natural / Dry,2560.0,84.25
Guatemala,antigua,2016,Caturra,Washed / Wet,1500.0,84.25
Guatemala,huehuetenango,2015,Caturra,Washed / Wet,1099.4136,84.25
China,yunnan,2015,Catimor,Natural / Dry,1400.0,84.25
Colombia,huila,2015,Caturra,Washed / Wet,1775.0,84.25
Colombia,huila,2015,Caturra,Washed / Wet,1775.0,84.25
Colombia,cauca,2015,Other,Washed / Wet,1800.0,84.25
Colombia,huila,2015,Caturra,Natural / Dry,442.0,84.25
"Tanzania, United Republic Of",shizingo village,2014,Other,Washed / Wet,1620.0,84.25
"Tanzania, United Republic Of",mbeya,2014,Other,Washed / Wet,1600.0,84.25
Guatemala,oriente,2014,Bourbon,Other,1219.2,84.25
Colombia,cauca,2013,Caturra,Washed / Wet,1700.0,84.25
United States (Hawaii),kona,2012,Hawaiian Kona,Natural / Dry,,84.25
Mexico,san pedro cotzilnam,2012,Typica,Semi-washed / Semi-pulped,1450.0,84.25
Mexico,veracruz,2012,Bourbon,Washed / Wet,1170.0,84.25
Mexico,"la concordia, chiapas",2012,Bourbon,Washed / Wet,1400.0,84.25
Uganda,kasese,2012,Other,Natural / Dry,1700.0,84.25
Guatemala,san marcos,2017,Bourbon,Washed / Wet,1700.0,84.17
Colombia,huila,2016,Caturra,Washed / Wet,,84.17
Costa Rica,tarrazu,2016,Caturra,Washed / Wet,1700.0,84.17
Guatemala,huehuetenango,2016,Caturra,Washed / Wet,1116.7872,84.17
Guatemala,solola,2016,Caturra,Washed / Wet,1565.0,84.17
Guatemala,norte,2016,Bourbon,Washed / Wet,3280.0,84.17
Colombia,huila,2015,Caturra,Washed / Wet,1775.0,84.17
Nicaragua,jinotega,2015,Caturra,Natural / Dry,1000.0,84.17
Brazil,cerrado,2015,Catuai,Natural / Dry,1150.0,84.17
Costa Rica,tarrazu,2014,Caturra,Washed / Wet,1850.0,84.17
Ethiopia,snnprg; kafa; telo woreda; shada kebele,2014,Gesha,Natural / Dry,1606.5,84.17
"Tanzania, United Republic Of",arusha,2014,Other,Washed / Wet,1400.0,84.17
Colombia,huila,2014,Other,Washed / Wet,1530.0,84.17
Kenya,kenya,2013,SL28,Washed / Wet,250.5,84.17
Brazil,"minas gerais, br",2012,Mundo Novo,Natural / Dry,1038.5,84.17
Guatemala,oriente,2013,Bourbon,Washed / Wet,1310.64,84.17
El Salvador,apaneca,2013,Bourbon,Natural / Dry,1500.0,84.17
Colombia,huila,2012,Caturra,Washed / Wet,1750.0,84.17
Guatemala,guatemala,2012,Catuai,Natural / Dry,,84.17
Uganda,mt. rwenzori,2012,Other,Washed / Wet,1600.0,84.17
Colombia,huila,2017,Caturra,Washed / Wet,442.0,84.08
Taiwan,"nanxi dist., tainan city 臺南市楠西區",2016,Typica,Washed / Wet,968.0,84.08
Guatemala,oriente,2016,Bourbon,Washed / Wet,,84.08
Colombia,huila,2014,Caturra,Washed / Wet,1775.0,84.08
Guatemala,"aldea xeucalvitz, ixil region, quiche department",2014,Bourbon,Washed / Wet,1550.0,84.08
United States (Hawaii),kona,2012,Hawaiian Kona,Natural / Dry,,84.08
Mexico,santo domingo cacalotepec,2012,Typica,Washed / Wet,1480.0,84.08
Ethiopia,"ethiopia, sidamo",2012,Other,Natural / Dry,1800.0,84.08
Ethiopia,sidamo,2017,Gesha,Natural / Dry,1800.0,84.0
Honduras,comayagua,2017,Caturra,Washed / Wet,1500.0,84.0
Guatemala,huehuetenango,2015,Caturra,Washed / Wet,1706.88,84.0
Colombia,huila,2014,Other,Washed / Wet,1600.0,84.0
Guatemala,oriente,2014,Bourbon,Natural / Dry,1219.2,84.0
Guatemala,oriente,2014,Bourbon,Other,1219.2,84.0
Colombia,santander,2014,Caturra,Natural / Dry,1450.0,84.0
Colombia,huila,2014,Caturra,Washed / Wet,1775.0,84.0
Ethiopia,sidamo,2013,Other,Natural / Dry,1550.0,84.0
Brazil,south of minas,2013,Yellow Bourbon,Natural / Dry,1260.0,84.0
Colombia,cauca,2013,Caturra,Washed / Wet,1700.0,84.0
Thailand,thailand,2012,Other,Washed / Wet,,84.0
Kenya,central kenya,2012,SL28,Washed / Wet,1650.0,84.0
Uganda,kasese,2012,Other,Washed / Wet,1700.0,84.0
Brazil,south of minas,2017,Bourbon,Natural / Dry,890.0,83.92
Mexico,veracruz,2017,Mundo Novo,Washed / Wet,1300.0,83.92
Thailand,chiangrai,2015,Catimor,Natural / Dry,1350.0,83.92
Brazil,south of minas,2016,Bourbon,Natural / Dry,934.0,83.92
Taiwan,"leye, alishan township, chiayi county 嘉義阿里山樂野村",2015,Typica,Washed / Wet,1200.0,83.92
Colombia,huila,2014,Caturra,Washed / Wet,1775.0,83.92
Taiwan,台中和平區,2014,Typica,Washed / Wet,950.0,83.92
Colombia,santander,2014,Caturra,Natural / Dry,1550.0,83.92
Mexico,xicotepec de juarez,2012,Typica,Washed / Wet,900.0,83.92
Mexico,la concordia,2012,Typica,Washed / Wet,1500.0,83.92
Mexico,la yerbabuena,2012,Typica,Washed / Wet,1400.0,83.92
Colombia,nariño,2017,Caturra,Washed / Wet,2527.0,83.83
Colombia,huila,2016,Caturra,,,83.83
Costa Rica,tarrazu,2015,Caturra,Washed / Wet,1850.0,83.83
Guatemala,antigua,2016,Bourbon,Washed / Wet,1500.0,83.83
Taiwan,"dongshan dist., tainan city 臺南市東山區",2014,Typica,Washed / Wet,525.0,83.83
Brazil,south of minas,2014,Bourbon,Semi-washed / Semi-pulped,1200.0,83.83
Costa Rica,central valley,2013,Catuai,Washed / Wet,1300.0,83.83
Guatemala,oriente,2014,Bourbon,Washed / Wet,1219.2,83.83
Brazil,south of minas,2013,Yellow Bourbon,Natural / Dry,1260.0,83.83
Colombia,huila,2013,Caturra,Washed / Wet,1750.0,83.83
Guatemala,oriente,2013,Bourbon,Washed / Wet,1310.64,83.83
Mexico,petatlan,2012,Bourbon,Natural / Dry,1218.0,83.83
Mexico,"la concordia, chiapas",2012,Pacas,Natural / Dry,1300.0,83.83
Brazil,carmo de minas,2011,Yellow Bourbon,Semi-washed / Semi-pulped,1250.0,83.83
Kenya,nyeri,,SL28,Washed / Wet,1800.0,83.75
Brazil,south of minas,2017,Bourbon,Natural / Dry,890.0,83.75
Colombia,huila,2017,Caturra,Washed / Wet,442.0,83.75
Taiwan,"台南市東山區 (dongshan dist., tainan city)",2016,Typica,Natural / Dry,750.0,83.75
China,yunnan,2015,Catimor,Washed / Wet,1650.0,83.75
Colombia,huila,2015,Caturra,Natural / Dry,442.0,83.75
Uganda,west nile,2013,Bourbon,Natural / Dry,1400.0,83.75
United States (Puerto Rico),yauco region,2013,Other,Washed / Wet,853.44,83.75
Colombia,huila,2014,Caturra,Washed / Wet,1775.0,83.75
Colombia,huila,2014,Other,Washed / Wet,1550.0,83.75
Colombia,huila,2013,Caturra,Washed / Wet,1750.0,83.75
Colombia,huila,2013,Caturra,Washed / Wet,1750.0,83.75
United States (Hawaii),kona,2013,Hawaiian Kona,Natural / Dry,,83.75
Mexico,"huazalingo, hidalgo",2012,Caturra,Natural / Dry,700.0,83.75
Guatemala,quetzaltenango,2012,Caturra,Washed / Wet,1300.0,83.75
Brazil,south of minas,2017,Bourbon,Natural / Dry,890.0,83.67
Kenya,meru county,2017,SL28,Washed / Wet,1700.0,83.67
Honduras,comayagua,2016,Caturra,Washed / Wet,1400.0,83.67
Nicaragua,jinotega,2016,Caturra,Washed / Wet,1250.0,83.67
Brazil,south of minas,2016,Bourbon,Natural / Dry,934.0,83.67
Taiwan,"leye, alishan township, chiayi county",2015,Caturra,Natural / Dry,1200.0,83.67
Colombia,huila,2014,Caturra,Washed / Wet,1625.0,83.67
Guatemala,huehuetenango,2014,Bourbon,Washed / Wet,1356.6648,83.67
Colombia,huila supremo,2013,Caturra,Washed / Wet,1750.0,83.67
Colombia,huila,2013,Caturra,Washed / Wet,1900.0,83.67
Guatemala,oriente,2013,Bourbon,Washed / Wet,1310.64,83.67
Guatemala,oriente,2013,Bourbon,Washed / Wet,1310.64,83.67
Colombia,huila,2012,Caturra,Washed / Wet,1750.0,83.67
Guatemala,oriente,2012,Caturra,Natural / Dry,1450.0,83.67
Guatemala,oriente,2012,Bourbon,Washed / Wet,1310.64,83.67
Mexico,xicotepec de juarez,2012,Typica,Washed / Wet,1100.0,83.67
Indonesia,east java,2012,Typica,Washed / Wet,1400.0,83.67
Guatemala,"sacatepequez, guatemala",2012,Caturra,Washed / Wet,1524.0,83.67
Brazil,south of minas,2017,Bourbon,Natural / Dry,890.0,83.58
Guatemala,huehuetenango,2016,Caturra,Washed / Wet,1128.3696,83.58
Colombia,huila,2016,Caturra,Washed / Wet,,83.58
China,yunnan,2015,Catimor,Washed / Wet,1100.0,83.58
Colombia,huila,2015,Caturra,Washed / Wet,1775.0,83.58
Mexico,"chiapas, jaltenango",2014,Caturra,Washed / Wet,1200.0,83.58
Ethiopia,yirgacheffe,2014,Other,Washed / Wet,1850.0,83.58
Uganda,eastern,2013,SL14,Washed / Wet,1800.0,83.58
Colombia,cundinamarca,2014,Caturra,Natural / Dry,1600.0,83.58
Colombia,santander,2014,Caturra,Washed / Wet,1550.0,83.58
Colombia,santander,2014,Caturra,Washed / Wet,1550.0,83.58
Taiwan,taichung xinshe 台中市新社區,2013,Typica,Other,1000.0,83.58
Colombia,huila,2012,Caturra,Washed / Wet,1775.0,83.58
Mexico,xalapa,2012,Typica,Washed / Wet,1000.0,83.58
Colombia,cundinamarca,2012,Caturra,Natural / Dry,2136.0,83.58
Brazil,south of minas,2012,Catuai,Semi-washed / Semi-pulped,1100.0,83.58
Colombia,cundinamarca,2016,Caturra,Washed / Wet,1799.0,83.5
Costa Rica,tarrazu,2015,Caturra,Washed / Wet,1850.0,83.5
Colombia,pitalito,2016,Caturra,Natural / Dry,1000.0,83.5
Guatemala,oriente,2016,Bourbon,Washed / Wet,1219.2,83.5
Colombia,huila,2015,Caturra,Washed / Wet,1775.0,83.5
Colombia,huila,2014,Caturra,Washed / Wet,1850.0,83.5
Guatemala,atitlan,2013,Caturra,Washed / Wet,1400.0,83.5
Colombia,cundinamarca,2014,Caturra,Washed / Wet,1650.0,83.5
Honduras,comayagua,2014,Caturra,Natural / Dry,1350.0,83.5
Colombia,huila,2013,Caturra,Washed / Wet,1750.0,83.5
Colombia,huila,2013,Caturra,Washed / Wet,1750.0,83.5
Mexico,xalapa,2012,Bourbon,Natural / Dry,1170.0,83.5
Mexico,chilón,2012,Typica,Semi-washed / Semi-pulped,940.0,83.5
Guatemala,atitlan,2012,Caturra,Washed / Wet,1524.0,83.5
Colombia,huila,2012,Caturra,Washed / Wet,1775.0,83.5
Guatemala,oriente,2012,Bourbon,Washed / Wet,1402.08,83.5
Colombia,huila,2017,Caturra,Washed / Wet,439.0,83.42
Guatemala,san marcos,2017,Bourbon,Washed / Wet,1700.0,83.42
Colombia,huila,2016,Caturra,Washed / Wet,442.0,83.42
Costa Rica,tarrazu,2016,Caturra,Washed / Wet,1850.0,83.42
Uganda,eastern,2015,SL14,Washed / Wet,1800.0,83.42
Thailand,thailand,2015,Catimor,Washed / Wet,1200.0,83.42
El Salvador,apaneca,2016,Bourbon,Washed / Wet,1330.0,83.42
Colombia,huila,2015,Caturra,Natural / Dry,442.0,83.42
Brazil,vale da grama,2014,Yellow Bourbon,Semi-washed / Semi-pulped,,83.42
"Tanzania, United Republic Of",karatu northern,2014,Bourbon,Washed / Wet,1600.0,83.42
Colombia,huila,2014,Caturra,Washed / Wet,1813.0,83.42
Guatemala,oriente,2013,Bourbon,Natural / Dry,1219.2,83.42
Guatemala,antigua,2014,Caturra,Washed / Wet,1500.0,83.42
Guatemala,oriente,2013,Bourbon,Washed / Wet,1310.64,83.42
United States (Hawaii),kona,2012,Hawaiian Kona,Natural / Dry,,83.42
Colombia,cundinamarca,2012,Caturra,Washed / Wet,1450.0,83.42
Colombia,huila,2016,Caturra,Washed / Wet,1650.0,83.33
Colombia,guayata,2016,Caturra,Washed / Wet,,83.33
Colombia,huila,2016,Caturra,Washed / Wet,,83.33
Brazil,south of minas,2015,Catuai,Semi-washed / Semi-pulped,1227.0,83.33
Mexico,chiapas,2014,Caturra,Washed / Wet,1200.0,83.33
Colombia,santander,2015,Caturra,Washed / Wet,1650.0,83.33
"Tanzania, United Republic Of",arusha,2014,Other,Semi-washed / Semi-pulped,1700.0,83.33
Mexico,veracruz,2013,Other,Washed / Wet,1100.0,83.33
Costa Rica,san ramon,2014,Caturra,Washed / Wet,1300.0,83.33
United States (Hawaii),kona,2014,Hawaiian Kona,Natural / Dry,,83.33
Costa Rica,central valley,2013,Catuai,Washed / Wet,1200.0,83.33
Haiti,"thiotte, haiti",2012,Typica,Washed / Wet,1280.16,83.33
Colombia,pitalito,2013,Caturra,Natural / Dry,1000.0,83.33
Guatemala,oriente,2013,Bourbon,Washed / Wet,1310.64,83.33
United States (Hawaii),kona,2012,Hawaiian Kona,Natural / Dry,,83.33
Burundi,kayanza,2012,Bourbon,Washed / Wet,1880.0,83.33
Colombia,huila,2012,Caturra,Washed / Wet,1750.0,83.33
Mexico,sierra madre occidental,2017,Typica,Washed / Wet,1600.0,83.25
Costa Rica,tarrazu,2016,Catuai,Pulped natural / honey,1900.0,83.25
Guatemala,nuevo oriente,2016,Pacas,Washed / Wet,2100.0,83.25
Uganda,"sipi, mt elgon",2015,SL14,Washed / Wet,,83.25
Colombia,huila,2015,Caturra,Natural / Dry,442.0,83.25
Mexico,cuarenteño,2015,Typica,Natural / Dry,1261.0,83.25
Taiwan,natou county,2015,Bourbon,Washed / Wet,1000.0,83.25
Taiwan,南投國姓,2014,Typica,Washed / Wet,800.0,83.25
Colombia,eje cafetero,2014,Caturra,Natural / Dry,1483.0,83.25
Guatemala,antigua,2014,Caturra,Washed / Wet,1500.0,83.25
Colombia,huila,2013,Caturra,Washed / Wet,1750.0,83.25
Mexico,chiapas,2013,Bourbon,Washed / Wet,1300.0,83.25
United States (Hawaii),kona,2012,Hawaiian Kona,Natural / Dry,,83.25
Mexico,veracruz,2012,Mundo Novo,Washed / Wet,,83.25
Mexico,fortín de las flores,2012,Caturra,Washed / Wet,1000.0,83.25
Guatemala,oriente,2012,Bourbon,Washed / Wet,1310.64,83.25
Brazil,grama valley,2012,Yellow Bourbon,Semi-washed / Semi-pulped,1200.0,83.25
Colombia,la plata,2012,Caturra,Washed / Wet,1775.0,83.25
Brazil,south of minas,2017,Bourbon,Natural / Dry,890.0,83.17
Guatemala,oriente,2017,Bourbon,Washed / Wet,1901.0,83.17
Vietnam,dala,2017,Catimor,Natural / Dry,1550.0,83.17
Guatemala,antigua,2016,Caturra,Washed / Wet,1500.0,83.17
Honduras,marcala,2016,Catuai,Washed / Wet,1450.0,83.17
China,yunnan,2015,Catimor,Washed / Wet,1200.0,83.17
China,dehong prefecture,2015,Catimor,Washed / Wet,1600.0,83.17
El Salvador,apaneca,2016,Bourbon,Washed / Wet,1350.0,83.17
Guatemala,antigua,2015,Bourbon,Washed / Wet,1500.0,83.17
Guatemala,oriente,2015,Bourbon,Washed / Wet,1650.0,83.17
Kenya,kenya,2014,SL28,Washed / Wet,250.5,83.17
"Tanzania, United Republic Of",mbinga,2014,Other,Washed / Wet,1653.0,83.17
Colombia,huila,2014,Caturra,Washed / Wet,1775.0,83.17
Uganda,eastern,2014,SL14,Washed / Wet,1800.0,83.17
Honduras,san marcos,2013,Catuai,Natural / Dry,1450.0,83.17
Honduras,comayagua,2014,Caturra,Natural / Dry,1350.0,83.17
Guatemala,san marcos,2014,Catuai,Washed / Wet,1524.0,83.17
United States (Hawaii),kona,2013,Hawaiian Kona,Natural / Dry,,83.17
"Tanzania, United Republic Of",kilimanjaro,2014,Bourbon,Washed / Wet,1800.0,83.17
Guatemala,oriente,2013,Bourbon,Washed / Wet,1310.64,83.17
Mexico,chiapas,2013,Typica,Washed / Wet,1500.0,83.17
Mexico,"tlanchinol, hidalgo",2012,Typica,Washed / Wet,532.0,83.17
Colombia,huila,2012,Caturra,Washed / Wet,1775.0,83.17
Mexico,san isidro,2012,Typica,Washed / Wet,700.0,83.17
Colombia,huila,2012,Caturra,Washed / Wet,1750.0,83.17
Mexico,la concordia,2012,Typica,Washed / Wet,1380.0,83.17
Brazil,south of minas,2012,Mundo Novo,Natural / Dry,1000.0,83.17
Brazil,mogiana,2012,Mundo Novo,Natural / Dry,950.0,83.17
Guatemala,oriente,2012,Bourbon,Washed / Wet,1402.08,83.17
Brazil,south of minas,2011,Mundo Novo,Semi-washed / Semi-pulped,1000.0,83.17
Colombia,cundinamarca,2016,Caturra,Washed / Wet,1799.0,83.08
Colombia,huila,2016,Caturra,Washed / Wet,,83.08
Brazil,south of minas,2015,Yellow Bourbon,Pulped natural / honey,905.0,83.08
Taiwan,"dongshan dist., tainan city 臺南市東山區",2015,Typica,Natural / Dry,750.0,83.08
Brazil,chapadão de ferro (cerrado mineiro),2015,Mundo Novo,Natural / Dry,,83.08
Brazil,south of minas,2014,Bourbon,Washed / Wet,1200.0,83.08
Costa Rica,central valley,2014,Catuai,Washed / Wet,1300.0,83.08
United States (Hawaii),kona,2013,Hawaiian Kona,Natural / Dry,,83.08
Taiwan,chiayi alishan 嘉義縣阿里山鄉,2013,Typica,Other,1300.0,83.08
United States (Hawaii),kona,2012,Hawaiian Kona,Natural / Dry,,83.08
Mexico,santa catarina juquila,2012,Other,Washed / Wet,1400.0,83.08
United States (Hawaii),kona,2012,Hawaiian Kona,Natural / Dry,,83.08
United States (Hawaii),kona,2012,Hawaiian Kona,Washed / Wet,,83.08
Colombia,huila,,Caturra,,1775.0,83.08
Brazil,south of minas,2017,Bourbon,Natural / Dry,890.0,83.0
Brazil,south of minas,2016,Bourbon,Natural / Dry,894.0,83.0
Brazil,south of minas,2016,Bourbon,Natural / Dry,872.0,83.0
Uganda,"kasese, mt. rwenzori",2015,Bourbon,Washed / Wet,1473.0,83.0
Uganda,"kasese, mt. rwenzori",2015,Bourbon,Natural / Dry,1645.0,83.0
Vietnam,vietnam cau dat,2014,Caturra,Other,1550.0,83.0
Guatemala,nuevo oriente,2015,Catuai,Washed / Wet,1550.0,83.0
Guatemala,"el tumbador, san marcos",2015,Catuai,Washed / Wet,1371.6,83.0
Guatemala,antigua,2015,Bourbon,Washed / Wet,1500.0,83.0
Brazil,high mogiana,2014,Catuai,Natural / Dry,1000.0,83.0
Taiwan,嘉義阿里山,2014,Typica,Washed / Wet,1200.0,83.0
Uganda,kapchorwa,2013,SL14,Washed / Wet,1800.0,83.0
United States (Puerto Rico),yauco region,2013,Other,Washed / Wet,853.44,83.0
Guatemala,antigua,2014,Bourbon,Washed / Wet,1500.0,83.0
Costa Rica,central valley,2013,Catuai,Washed / Wet,1200.0,83.0
Brazil,sul de minas,2013,Yellow Bourbon,Semi-washed / Semi-pulped,1250.0,83.0
Colombia,huila,2013,Caturra,Washed / Wet,1775.0,83.0
Colombia,huila,2013,Caturra,Washed / Wet,1750.0,83.0
Colombia,pitalito,2013,Caturra,Natural / Dry,1000.0,83.0
Colombia,pitalito,2013,Caturra,Natural / Dry,1000.0,83.0
Colombia,huila,2012,Caturra,Washed / Wet,1775.0,83.0
Mexico,coatepec,2012,Typica,Washed / Wet,750.0,83.0
Mexico,atoyac de alvarez,2012,Typica,Semi-washed / Semi-pulped,1200.0,83.0
Mexico,coatepec,2012,Bourbon,Washed / Wet,1200.0,83.0
Colombia,huila,2012,Caturra,Washed / Wet,1625.0,83.0
Colombia,huila,2012,Caturra,Washed / Wet,1750.0,83.0
Guatemala,"la reforma, san marcos",2012,Bourbon,Washed / Wet,1371.6,83.0
Colombia,la plata,2011,Caturra,Washed / Wet,1775.0,83.0
Nicaragua,matagalpa,2009,Caturra,,,83.0
Brazil,south of minas,2017,Bourbon,Natural / Dry,890.0,82.92
El Salvador,apaneca,2017,Bourbon,Washed / Wet,1350.0,82.92
Colombia,guayata,2017,Caturra,Washed / Wet,1500.0,82.92
Taiwan,"dongshan dist., tainan city 臺南市東山區",2016,Caturra,Natural / Dry,350.0,82.92
Taiwan,台東太麻里,2014,Typica,Natural / Dry,775.0,82.92
Philippines,"bukidnon, mindanao, philppines",2015,Other,Washed / Wet,1200.0,82.92
Philippines,asia pacific,2014,Other,Washed / Wet,1600.0,82.92
Mexico,cuarenteño,2015,Typica,Natural / Dry,1059.0,82.92
Mexico,chiapas,2015,Bourbon,Washed / Wet,1300.0,82.92
Uganda,eastern,2013,SL14,Washed / Wet,1650.0,82.92
Uganda,west nile,2013,SL14,Washed / Wet,1400.0,82.92
Guatemala,antigua,2014,Bourbon,Washed / Wet,1500.0,82.92
Guatemala,antigua,2014,Caturra,Natural / Dry,1500.0,82.92
Colombia,huila,2013,Caturra,Washed / Wet,1900.0,82.92
Colombia,huila,2013,Caturra,Natural / Dry,1750.0,82.92
Guatemala,huehuetenango,2013,Bourbon,Washed / Wet,1706.88,82.92
Colombia,antioquia,2013,Other,Washed / Wet,1450.0,82.92
Mexico,petatlan,2012,Typica,Natural / Dry,1248.0,82.92
Vietnam,don duong,2012,Other,Natural / Dry,1040.0,82.92
Mexico,la cumbre,2012,Typica,Washed / Wet,1400.0,82.92
United States (Hawaii),kona,2012,Hawaiian Kona,Washed / Wet,,82.92
Kenya,nyeri,2017,SL28,Washed / Wet,1754.0,82.83
Guatemala,san marcos,2017,Bourbon,Washed / Wet,1700.0,82.83
Brazil,south of minas,2015,Yellow Bourbon,Pulped natural / honey,905.0,82.83
El Salvador,"el balsamo, quezaltepec",2016,Pacas,Washed / Wet,1250.0,82.83
Rwanda,gicumbi,2015,Bourbon,Washed / Wet,1900.0,82.83
Vietnam,vietnam tutra,2014,Other,Other,1040.0,82.83
Guatemala,oriente,2015,Bourbon,Washed / Wet,1219.2,82.83
Brazil,cerrado,2015,Catuai,Natural / Dry,900.0,82.83
Colombia,huila,2014,Other,Washed / Wet,1600.0,82.83
United States,berastagi,2014,Other,Other,1200.0,82.83
Guatemala,antigua,2014,Bourbon,Washed / Wet,1500.0,82.83
Colombia,santander,2013,Typica,Natural / Dry,1800.0,82.83
Colombia,huila,2013,Caturra,Washed / Wet,1775.0,82.83
Mexico,la concordia,2012,Caturra,Washed / Wet,1550.0,82.83
Mexico,veracruz,2012,Bourbon,Washed / Wet,1250.0,82.83
Guatemala,oriente,2012,Bourbon,Washed / Wet,1310.64,82.83
Mexico,la concordia,2012,Typica,Washed / Wet,1380.0,82.83
Guatemala,santa rosa,,Caturra,Washed / Wet,1100.0,82.75
Guatemala,santa rosa,2017,Caturra,Washed / Wet,1800.0,82.75
Guatemala,san marcos,2017,Bourbon,Washed / Wet,1700.0,82.75
Guatemala,santa rosa,2017,Bourbon,Washed / Wet,1219.2,82.75
Guatemala,oriente,2017,Bourbon,Washed / Wet,1219.2,82.75
Taiwan,"台南市東山區( dongshan dist., tainan city)",2016,Yellow Bourbon,Natural / Dry,650.0,82.75
El Salvador,cacahuatique,2017,Bourbon,Washed / Wet,1250.0,82.75
Costa Rica,tarrazu,2016,Caturra,Washed / Wet,1850.0,82.75
Honduras,comayagua,2017,Caturra,Natural / Dry,1400.0,82.75
Brazil,south of minas,2015,Yellow Bourbon,Pulped natural / honey,905.0,82.75
China,yunnan,2015,Catimor,Natural / Dry,1100.0,82.75
China,menglian,2015,Catimor,Washed / Wet,1500.0,82.75
Colombia,huila,2014,Caturra,Washed / Wet,1775.0,82.75
Malawi,mzuzu,2014,Gesha,Washed / Wet,1442.0,82.75
Guatemala,jalapa,2014,Pacas,Washed / Wet,1524.0,82.75
United States (Hawaii),kona,2013,Hawaiian Kona,Natural / Dry,,82.75
United States (Hawaii),kona,2013,Hawaiian Kona,Natural / Dry,,82.75
Colombia,antioquia,2013,Caturra,Washed / Wet,1300.0,82.75
Mexico,chiapas,2013,Typica,Washed / Wet,1550.0,82.75
Mexico,veracruz,2012,Typica,Washed / Wet,1200.0,82.75
Mexico,atoyac de alvarez,2012,Typica,Natural / Dry,1200.0,82.75
Colombia,south huila,2012,Caturra,Washed / Wet,1625.0,82.75
Colombia,huila,2012,Caturra,Washed / Wet,1775.0,82.75
United States (Hawaii),kona,2012,Hawaiian Kona,Washed / Wet,,82.75
Panama,boquete,2012,Catuai,Washed / Wet,1100.0,82.75
Brazil,south of minas,2017,Bourbon,Natural / Dry,890.0,82.67
Brazil,south of minas,2016,Bourbon,Natural / Dry,934.0,82.67
Laos,"paksong,laos",2015,Catimor,Washed / Wet,1300.0,82.67
El Salvador,"el balsamo, quezaltepec",2016,Pacas,Washed / Wet,1200.0,82.67
Brazil,monte carmelo,2014,Catuai,Natural / Dry,,82.67
"Tanzania, United Republic Of",karatu arusha,2014,Other,Washed / Wet,1700.0,82.67
"Tanzania, United Republic Of",mbinga,2014,Bourbon,Washed / Wet,1550.0,82.67
Taiwan,嘉義阿里山,2014,Typica,Washed / Wet,1200.0,82.67
Mexico,la yerba,2014,Typica,Natural / Dry,1296.0,82.67
Uganda,mt elgon,2013,SL14,Washed / Wet,1650.0,82.67
Taiwan,chiayi alishan 嘉義縣阿里山鄉,2013,Typica,Washed / Wet,1240.0,82.67
Thailand,phahi,2013,Caturra,Washed / Wet,1500.0,82.67
Colombia,huila,2012,Caturra,Washed / Wet,1800.0,82.67
El Salvador,,2012,Other,Washed / Wet,,82.67
Guatemala,antigua,2012,Caturra,Washed / Wet,1500.0,82.67
Thailand,thailand,2012,Other,Washed / Wet,,82.67
Mexico,,2012,Other,Washed / Wet,1100.0,82.67
Mexico,mahuixtlan,2012,Typica,Washed / Wet,950.0,82.67
Guatemala,oriente,2017,Bourbon,Washed / Wet,1219.2,82.58
Taiwan,國姓鄉 guoshing township,2016,Typica,Pulped natural / honey,1050.0,82.58
Indonesia,aceh,2015,Typica,Semi-washed / Semi-pulped,1250.0,82.58
Thailand,chiangrai,2014,Caturra,Washed / Wet,1450.0,82.58
"Tanzania, United Republic Of",ikand village,2014,Other,Washed / Wet,1317.0,82.58
Uganda,eastern,2013,SL14,Natural / Dry,1650.0,82.58
Costa Rica,central valley,2013,Catuai,Washed / Wet,1300.0,82.58
Colombia,huila,2013,Caturra,Washed / Wet,1750.0,82.58
Colombia,huila,2012,Caturra,Washed / Wet,1750.0,82.58
Colombia,huila,2013,Caturra,Washed / Wet,1750.0,82.58
Mexico,oaxaca,2012,Typica,Washed / Wet,1250.0,82.58
Mexico,colima,2012,Typica,Washed / Wet,1150.0,82.58
Colombia,huila,2012,Caturra,Washed / Wet,1775.0,82.58
Brazil,south of minas,2011,Mundo Novo,,975.0,82.58
Brazil,south of minas,2017,Bourbon,Natural / Dry,890.0,82.5
Indonesia,bali,2017,Other,Washed / Wet,1250.0,82.5
Honduras,comayagua,2017,Caturra,Washed / Wet,1400.0,82.5
Guatemala,oriente,2016,Bourbon,Washed / Wet,1219.2,82.5
Thailand,chiangrai,2014,Caturra,Washed / Wet,1450.0,82.5
"Tanzania, United Republic Of",karatu arusha,2014,Other,Washed / Wet,1600.0,82.5
"Tanzania, United Republic Of",moshi,2014,Other,Washed / Wet,,82.5
Mexico,chiapas,2013,Other,Washed / Wet,1600.0,82.5
Brazil,south of minas,2013,Yellow Bourbon,Semi-washed / Semi-pulped,1260.0,82.5
Guatemala,oriente,2013,Bourbon,Washed / Wet,1310.64,82.5
Colombia,huila,2013,Caturra,Washed / Wet,1750.0,82.5
Guatemala,oriente,2013,Bourbon,Washed / Wet,1310.64,82.5
Mexico,san bartolo tutotepec,2012,Typica,Washed / Wet,1679.0,82.5
Mexico,zapotitlan de mendez,2012,Typica,Washed / Wet,1100.0,82.5
Mexico,la concordia,2012,Typica,Semi-washed / Semi-pulped,1650.0,82.5
Guatemala,oriente,2012,Caturra,Natural / Dry,,82.5
Brazil,carmo de minas,2012,Bourbon,Semi-washed / Semi-pulped,1250.0,82.5
Colombia,huila,2012,Caturra,Washed / Wet,1775.0,82.5
United States (Hawaii),kona,2012,Hawaiian Kona,Washed / Wet,,82.5
Honduras,"comayagua, honduras",2017,Other,Washed / Wet,1500.0,82.42
Guatemala,san marcos,2017,Bourbon,Washed / Wet,1700.0,82.42
Guatemala,san marcos,2016,Bourbon,Washed / Wet,1700.0,82.42
Guatemala,santa rosa,2017,Caturra,Washed / Wet,,82.42
Colombia,guayata,2016,Caturra,Washed / Wet,1600.0,82.42
China,yunnan,2015,Catimor,Washed / Wet,1600.0,82.42
Guatemala,atitlan,2013,Caturra,Washed / Wet,1400.0,82.42
Mexico,la yerba,2014,Typica,Washed / Wet,1296.0,82.42
Brazil,south of minas,2012,Catuai,Semi-washed / Semi-pulped,1000.0,82.42
Brazil,south of minas,2013,Yellow Bourbon,Natural / Dry,1260.0,82.42
Mexico,veracruz,2013,Bourbon,Washed / Wet,1170.0,82.42
Colombia,huila,2013,Caturra,Washed / Wet,1775.0,82.42
Mexico,chiapas,2013,Typica,Washed / Wet,1560.0,82.42
Mexico,san pedro cotzilnam,2012,Typica,Semi-washed / Semi-pulped,1400.0,82.42
Mexico,coatepec,2012,Typica,Washed / Wet,1300.0,82.42
Mexico,xalapa,2012,Caturra,Washed / Wet,1170.0,82.42
Mexico,zihuatanejo de azueta,2012,Typica,Washed / Wet,1300.0,82.42
Mexico,xicotepec de juarez,2012,Caturra,Washed / Wet,1150.0,82.42
Mexico,progreso santa rosa teocelo,2012,Bourbon,Washed / Wet,1250.0,82.42
Mexico,fln mirador,2012,Typica,Washed / Wet,1450.0,82.42
Colombia,huila,2012,Caturra,Natural / Dry,442.0,82.42
Colombia,huila,2011,Caturra,Washed / Wet,1750.0,82.42
Honduras,comayagua,2017,Caturra,Washed / Wet,1396.0,82.33
Brazil,cerrado,2016,Catuai,Natural / Dry,982.0,82.33
Brazil,south of minas,2016,Bourbon,Natural / Dry,934.0,82.33
Costa Rica,tarrazu,2015,Caturra,Washed / Wet,1850.0,82.33
Costa Rica,tarrazu,2015,Catuai,Washed / Wet,1550.0,82.33
China,xishuangbanna prefecture,2015,Catimor,Pulped natural / honey,1580.0,82.33
Brazil,south of minas,2015,Bourbon,Natural / Dry,1268.0,82.33
Brazil,chapadão de ferro (cerrado mineiro),2015,Mundo Novo,Natural / Dry,,82.33
Guatemala,huehuetenango,2015,Bourbon,Washed / Wet,1676.4,82.33
Malawi,mzuzu,2014,Gesha,Washed / Wet,1450.0,82.33
Brazil,south of minas,2014,Bourbon,Natural / Dry,1100.0,82.33
Guatemala,jalapa,2014,Pacas,Washed / Wet,1524.0,82.33
Colombia,antioquia,2013,Caturra,Washed / Wet,1300.0,82.33
Taiwan,changhua baguashan 彰化市八卦山,2013,Typica,Semi-washed / Semi-pulped,200.0,82.33
Taiwan,taichung xinshe 台中市新社區,2013,Typica,Washed / Wet,600.0,82.33
Guatemala,oriente,2013,Bourbon,Washed / Wet,1310.64,82.33
Colombia,huila,2013,Caturra,Washed / Wet,1750.0,82.33
Mexico,"la concordia, chiapas",2013,Typica,Washed / Wet,1300.0,82.33
Guatemala,jalapa,2012,Bourbon,Washed / Wet,1752.6,82.33
Mexico,"jaltocan, hidalgo",2012,Typica,Natural / Dry,441.0,82.33
Mexico,veracruz,2012,Bourbon,Washed / Wet,1170.0,82.33
Guatemala,oriente,2012,Bourbon,Washed / Wet,1310.64,82.33
Brazil,grama valley,2012,Mundo Novo,Natural / Dry,1100.0,82.33
Mexico,santa catarina juquila,2012,Typica,Washed / Wet,1300.0,82.33
Brazil,south of minas,2012,Mundo Novo,Washed / Wet,950.0,82.33
Colombia,huila,2012,Caturra,Natural / Dry,442.0,82.33
Brazil,brazil matas de minas,,Catuai,Washed / Wet,1100.0,82.25
Guatemala,nuevo oriente,2016,Pacas,Washed / Wet,1450.0,82.25
El Salvador,apaneca,2014,Bourbon,Washed / Wet,1500.0,82.25
Honduras,marcala,2015,Catuai,Washed / Wet,1350.0,82.25
Malawi,mzuzu,2014,Gesha,Washed / Wet,1180.0,82.25
Brazil,south of minas,2014,Bourbon,Natural / Dry,1100.0,82.25
Taiwan,nantou,2013,Typica,Washed / Wet,650.0,82.25
Mexico,veracruz,2013,Mundo Novo,Washed / Wet,1338.0,82.25
United States (Hawaii),kona,2013,Hawaiian Kona,Natural / Dry,,82.25
Mexico,"calnali, hidalgo",2012,Bourbon,Washed / Wet,533.0,82.25
Guatemala,antigua,2012,Bourbon,Washed / Wet,1390.8024,82.25
Mexico,veracruz,2012,Bourbon,Washed / Wet,1170.0,82.25
Mexico,juquila,2012,Typica,Washed / Wet,1250.0,82.25
El Salvador,,2012,Other,Washed / Wet,,82.25
Mexico,veracruz,2012,Typica,Washed / Wet,1100.0,82.25
Mexico,canoas,2012,Typica,Washed / Wet,900.0,82.25
Colombia,huila,2012,Caturra,Washed / Wet,1750.0,82.25
Colombia,huila,2012,Caturra,Washed / Wet,1775.0,82.25
Brazil,south of minas,2016,Bourbon,Natural / Dry,934.0,82.17
Honduras,comayagua,2015,Caturra,Washed / Wet,1500.0,82.17
"Tanzania, United Republic Of",ruvuma,2015,Bourbon,Washed / Wet,1650.0,82.17
"Tanzania, United Republic Of",northern,2015,Other,Washed / Wet,1600.0,82.17
Honduras,marcala,2015,Catuai,Washed / Wet,1350.0,82.17
Guatemala,atitlan,2014,Bourbon,Washed / Wet,1500.0,82.17
Brazil,cerrado,2014,Mundo Novo,Natural / Dry,,82.17
"Tanzania, United Republic Of","ilomba vilage, mbozi",2014,Other,Washed / Wet,1700.0,82.17
Mexico,veracruz,2013,Other,Washed / Wet,1100.0,82.17
Mexico,"la concordia, chiapas",2013,Other,Washed / Wet,1400.0,82.17
Taiwan,yunlin 雲林縣石壁,2013,Typica,Other,1200.0,82.17
Taiwan,"dongshan dist., tainan city 臺南市東山區",2012,Typica,Washed / Wet,800.0,82.17
Colombia,huila,2013,Caturra,Washed / Wet,1750.0,82.17
Mexico,san bartolo tutotepec,2012,Typica,Washed / Wet,1144.0,82.17
Guatemala,oriente,2012,Caturra,Washed / Wet,1350.0,82.17
Mexico,altotonga,2012,Typica,Washed / Wet,1000.0,82.17
Mexico,colima,2012,Typica,Washed / Wet,1200.0,82.17
Indonesia,aceh gayo,2017,Bourbon,Washed / Wet,1300.0,82.08
Colombia,huila,2016,Caturra,Washed / Wet,,82.08
Brazil,south of minas,2016,Bourbon,Natural / Dry,894.0,82.08
Costa Rica,tres rios,2015,Caturra,Washed / Wet,1300.0,82.08
"Tanzania, United Republic Of",kilimanjaro,2014,Bourbon,Washed / Wet,1500.0,82.08
"Tanzania, United Republic Of",ngorogoro,2014,Other,Washed / Wet,1600.0,82.08
United States (Hawaii),kona,2012,Hawaiian Kona,Natural / Dry,,82.08
Mexico,coatepec,2012,Typica,Washed / Wet,1300.0,82.08
Mexico,tapachula,2012,Typica,Washed / Wet,1800.0,82.08
Mexico,coatepec,2012,Typica,Washed / Wet,1250.0,82.08
Vietnam,don duong,2012,Other,Natural / Dry,1040.0,82.08
Mexico,veracruz,2012,Typica,Washed / Wet,1250.0,82.08
United States (Hawaii),kona,2012,Hawaiian Kona,Washed / Wet,,82.08
Honduras,el paraíso,2017,Caturra,Washed / Wet,1600.0,82.0
Honduras,guinope el paraíso,2016,Caturra,Natural / Dry,1600.0,82.0
Brazil,south of minas,2016,Bourbon,Natural / Dry,944.0,82.0
"Tanzania, United Republic Of",kilimanjaro,2015,Other,Washed / Wet,1650.0,82.0
Laos,lao p.d.r.,2015,Other,Washed / Wet,1250.0,82.0
"Tanzania, United Republic Of",meru,2014,Other,Washed / Wet,1350.0,82.0
Malawi,mzuzu,2014,Gesha,Washed / Wet,2500.0,82.0
Taiwan,"dongshan dist., tainan city 臺南市東山區",2013,Typica,Washed / Wet,600.0,82.0
Costa Rica,central valley,2013,Catuai,Washed / Wet,1300.0,82.0
Honduras,occidental,2014,Caturra,Washed / Wet,1400.0,82.0
Colombia,huila,2013,Caturra,Washed / Wet,1900.0,82.0
Taiwan,"dongshan dist., tainan city 臺南市東山區",2012,Typica,Washed / Wet,650.0,82.0
Brazil,"minas gerais, br",2012,Mundo Novo,Natural / Dry,1038.5,82.0
Mexico,coscomatepec,2012,Typica,Washed / Wet,940.0,82.0
Brazil,south of minas,2012,Mundo Novo,Natural / Dry,1000.0,82.0
Brazil,cerrado,2012,Catuai,Semi-washed / Semi-pulped,1050.0,82.0
Guatemala,san marcos,2012,Bourbon,Natural / Dry,,82.0
Brazil,south of minas,2012,Mundo Novo,Semi-washed / Semi-pulped,950.0,82.0
Guatemala,oriente,2012,Bourbon,Washed / Wet,1402.08,82.0
Colombia,huila,,Caturra,,1775.0,82.0
Guatemala,oriente,2017,Bourbon,Washed / Wet,1901.0,81.92
Guatemala,santa rosa,2017,Bourbon,Washed / Wet,1219.2,81.92
Honduras,comayagua,2017,Caturra,Washed / Wet,1400.0,81.92
Brazil,monte carmelo,2016,Catuai,Natural / Dry,1020.0,81.92
El Salvador,"el balsamo, quezaltepec",2014,Bourbon,Washed / Wet,1250.0,81.92
Guatemala,nuevo oriente,2015,Catuai,Washed / Wet,1550.0,81.92
"Tanzania, United Republic Of",mbeya,2014,Other,Washed / Wet,1877.0,81.92
Zambia,mubuyu estate,2014,SL28,Washed / Wet,1250.0,81.92
Taiwan,taichung xinshe 台中市新社區,2012,Typica,Other,1000.0,81.92
Mexico,chiapas,2013,Bourbon,Washed / Wet,1300.0,81.92
Mexico,"chapulhuacan, hidalgo",2012,Typica,Semi-washed / Semi-pulped,981.0,81.92
Mexico,"huazalingo, hidalgo",2012,Mundo Novo,Washed / Wet,690.0,81.92
Mexico,veracruz,2012,Other,Washed / Wet,1650.0,81.92
Mexico,fortín de las flores,2012,Bourbon,Washed / Wet,1000.0,81.92
Brazil,grama valley,2012,Mundo Novo,Natural / Dry,1100.0,81.92
Costa Rica,tarrazu,2016,Catuai,Pulped natural / honey,1900.0,81.83
Brazil,monte carmelo,2016,Mundo Novo,Natural / Dry,973.0,81.83
Indonesia,bali,2015,Other,Other,1250.0,81.83
Guatemala,norte,2015,Bourbon,Washed / Wet,3280.0,81.83
Myanmar,ywar ngan,2015,Catuai,Washed / Wet,4001.0,81.83
Mexico,chiapas,2015,Catuai,Washed / Wet,1425.0,81.83
Honduras,marcala,2015,Catuai,Washed / Wet,1400.0,81.83
Costa Rica,tres rios,2015,Caturra,Washed / Wet,1300.0,81.83
Taiwan,"dongshan dist., tainan city 臺南市東山區",2014,Typica,Washed / Wet,700.0,81.83
Indonesia,lington nihuta,2014,Typica,Other,1300.0,81.83
Malawi,kakoma,2014,Gesha,Washed / Wet,1556.0,81.83
Brazil,south of minas,2014,Bourbon,Natural / Dry,1100.0,81.83
Honduras,comayagua,2014,Caturra,Natural / Dry,1350.0,81.83
Mexico,"siltepec el triunfo, chiapas, mexico",2014,Typica,Washed / Wet,1550.0,81.83
Colombia,huila,2013,Caturra,Washed / Wet,1775.0,81.83
United States (Hawaii),kona,2012,Hawaiian Kona,Natural / Dry,,81.83
Brazil,sul de minas,2012,Bourbon,Semi-washed / Semi-pulped,1250.0,81.83
Guatemala,oriente,2013,Bourbon,Washed / Wet,1310.64,81.83
Mexico,veracruz,2012,Bourbon,Washed / Wet,1500.0,81.83
Mexico,coatepec,2012,Typica,Semi-washed / Semi-pulped,1250.0,81.83
Brazil,cerrado,2011,Mundo Novo,,925.0,81.83
Guatemala,san marcos,2017,Bourbon,Washed / Wet,1700.0,81.75
Vietnam,vietnam,2014,Caturra,Washed / Wet,1040.0,81.75
"Tanzania, United Republic Of",ngorogoro,2014,Other,Washed / Wet,1600.0,81.75
Mexico,"tenango de doria, hidalgo",2012,Bourbon,Washed / Wet,774.0,81.75
Mexico,tepictla,2012,Mundo Novo,Washed / Wet,1250.0,81.75
Mexico,oaxaca,2012,Typica,Washed / Wet,1100.0,81.75
Mexico,la concordia,2012,Caturra,Washed / Wet,1550.0,81.75
Mexico,la concordia,2012,Typica,Washed / Wet,1650.0,81.75
Colombia,huila,2011,Caturra,Washed / Wet,1750.0,81.75
Brazil,south of minas,2017,Bourbon,Natural / Dry,890.0,81.67
Guatemala,san marcos,2017,Bourbon,Washed / Wet,1700.0,81.67
Guatemala,santa rosa,2017,Bourbon,Washed / Wet,1219.2,81.67
Honduras,marcala,2016,Catuai,Washed / Wet,1450.0,81.67
"Tanzania, United Republic Of",mbinga,2014,Other,Washed / Wet,1500.0,81.67
"Tanzania, United Republic Of","ilomba vilage, mbozi",2013,Other,Washed / Wet,1700.0,81.67
Brazil,south of minas,2014,Bourbon,Washed / Wet,1260.0,81.67
Honduras,comayagua,2014,Caturra,Natural / Dry,1400.0,81.67
Costa Rica,tarrazu,2013,Caturra,Washed / Wet,1850.0,81.67
Taiwan,nantou,2013,Typica,Washed / Wet,750.0,81.67
Mexico,"la concordia, chiapas",2013,Typica,Washed / Wet,1400.0,81.67
Guatemala,jalapa,2012,Bourbon,Washed / Wet,1752.6,81.67
Mexico,tuxtla gutierrez,2012,Typica,Washed / Wet,1650.0,81.67
Mexico,yajalon,2012,Bourbon,Washed / Wet,1400.0,81.67
Mexico,veracruz,2012,Bourbon,Washed / Wet,1200.0,81.67
Mexico,"la concordia, chiapas",2012,Bourbon,Washed / Wet,1400.0,81.67
Mexico,"sacún palma, municipio de chilón, chiapas",2012,Caturra,Semi-washed / Semi-pulped,940.0,81.67
United States (Hawaii),kona,2012,Hawaiian Kona,Washed / Wet,,81.67
Honduras,western region,2018,Catimor,Washed / Wet,1200.0,81.58
Taiwan,natou county,2016,Typica,Washed / Wet,800.0,81.58
"Tanzania, United Republic Of","oldeani , mongola",2014,Other,Washed / Wet,1800.0,81.58
Malawi,mzuzu,2014,Gesha,Washed / Wet,1100.0,81.58
Taiwan,natou county,2014,Typica,Semi-washed / Semi-pulped,850.0,81.58
Brazil,south of minas,2013,Yellow Bourbon,Washed / Wet,1260.0,81.58
Guatemala,oriente,2013,Bourbon,Washed / Wet,1310.64,81.58
Mexico,"la concordia, chiapas",2013,Typica,Washed / Wet,1400.0,81.58
Mexico,la concordia,2012,Typica,Natural / Dry,1650.0,81.58
Guatemala,santa rosa,2017,Bourbon,Washed / Wet,1219.2,81.5
Nicaragua,jalapa,2017,Caturra,Other,1100.0,81.5
Honduras,comayagua,2017,Caturra,Washed / Wet,1400.0,81.5
Guatemala,santa rosa,2017,Bourbon,,,81.5
Myanmar,ywar ngan township,2015,Catuai,Washed / Wet,1219.2,81.5
Costa Rica,occidental,2014,Caturra,Washed / Wet,1200.0,81.5
Malawi,mzuzu,2014,Gesha,Washed / Wet,1599.0,81.5
Guatemala,oriente,2014,Other,Washed / Wet,1219.2,81.5
Taiwan,natou county,2014,Typica,Washed / Wet,900.0,81.5
Brazil,sul de minas,2014,Yellow Bourbon,Semi-washed / Semi-pulped,1200.0,81.5
Taiwan,taichung xinshe 台中市新社區,2013,Typica,Other,600.0,81.5
Mexico,"la concordia, chiapas",2013,Typica,Washed / Wet,1150.0,81.5
Mexico,amatenango de la frontera,2012,Typica,Washed / Wet,1600.0,81.5
Mexico,temaxcalapa,2012,Catuai,Washed / Wet,1100.0,81.5
Mexico,manzanillo,2012,Typica,Semi-washed / Semi-pulped,1000.0,81.5
Mexico,tapachula,2012,Bourbon,Washed / Wet,1250.0,81.5
Mexico,atoyac de alvarez,2012,Typica,Natural / Dry,1100.0,81.5
Indonesia,ijen,2012,Other,Washed / Wet,1400.0,81.5
Guatemala,oriente,2012,Bourbon,Washed / Wet,,81.5
Mexico,veracruz,2017,Mundo Novo,Washed / Wet,1100.0,81.42
Guatemala,san marcos,2016,Catuai,Washed / Wet,1371.6,81.42
Brazil,cerrado,2015,Catuai,Natural / Dry,1100.0,81.42
Honduras,marcala,2015,Catuai,Washed / Wet,1400.0,81.42
Malawi,mzuzu,2014,Gesha,Washed / Wet,1422.0,81.42
Brazil,south of minas,2014,Bourbon,Natural / Dry,1100.0,81.42
Guatemala,"san lucas toliman, solola",2014,Bourbon,Washed / Wet,1550.0,81.42
Mexico,siltepec el triunfo,2014,Typica,Washed / Wet,1550.0,81.42
Guatemala,oriente,2013,Bourbon,Washed / Wet,1310.64,81.42
Mexico,"huazalingo, hidalgo",2012,Caturra,Washed / Wet,763.0,81.42
Mexico,"coatepec, coatepec",2012,Typica,Washed / Wet,1100.0,81.42
Colombia,huila,2011,Caturra,Natural / Dry,1750.0,81.42
Colombia,huila,2016,Caturra,Washed / Wet,,81.33
Honduras,comayagua,2016,Caturra,Washed / Wet,1500.0,81.33
Brazil,cerrado,2015,Catuai,Natural / Dry,1100.0,81.33
Honduras,marcala,2015,Catuai,Washed / Wet,1350.0,81.33
Brazil,mantiqueira de minas,2014,Yellow Bourbon,Other,1200.0,81.33
Philippines,"davao city, region 11",2014,Other,Washed / Wet,1400.0,81.33
Malawi,mzuzu,2014,Gesha,Washed / Wet,1200.0,81.33
Honduras,san marcos,2014,Catuai,Washed / Wet,1450.0,81.33
Mexico,tapachula,2012,Typica,Washed / Wet,1800.0,81.33
Mexico,veracruz,2012,Typica,Washed / Wet,1000.0,81.33
Brazil,matas de minas        ,,Catuai,Natural / Dry,1100.0,81.33
Taiwan,"dongshan dist., tainan city 台南市東山區",2015,Typica,Natural / Dry,680.0,81.25
Nicaragua,jinotega,2015,Catuai,Washed / Wet,1100.0,81.25
Honduras,marcala,2015,Catuai,Washed / Wet,1400.0,81.25
"Tanzania, United Republic Of",karatu ngorogoro,2014,Other,Washed / Wet,1700.0,81.25
Taiwan,nantou,2013,Typica,Semi-washed / Semi-pulped,650.0,81.25
Guatemala,"sacatepequez, guatemala",2013,Caturra,Washed / Wet,1524.0,81.25
Mexico,motozintla,2012,Typica,Washed / Wet,1500.0,81.25
"Tanzania, United Republic Of","ruvuma, mbinga",2015,Bourbon,Washed / Wet,1050.0,81.17
Mexico,"chiapas, jaltenango",2015,Caturra,Washed / Wet,1200.0,81.17
Costa Rica,tres rios,2015,Caturra,Washed / Wet,1300.0,81.17
Honduras,central region,2015,Catuai,Natural / Dry,1450.0,81.17
Thailand,chiangrai,2014,Caturra,Washed / Wet,1450.0,81.17
Philippines,corillera administrative,2014,Typica,Natural / Dry,1200.0,81.17
"Tanzania, United Republic Of",mbinga,2014,Bourbon,Washed / Wet,1550.0,81.17
Malawi,southern- zomba,2014,Caturra,Washed / Wet,995.0,81.17
Costa Rica,central valley,2014,Catuai,Washed / Wet,1300.0,81.17
Brazil,monte carmelo,2013,Catuai,Natural / Dry,,81.17
Mexico,tapachula,2012,Typica,Natural / Dry,1800.0,81.17
Guatemala,oriente,2012,Caturra,Washed / Wet,1450.0,81.17
Brazil,south of minas,2012,Mundo Novo,Natural / Dry,1000.0,81.17
Brazil,alta paulista (sao paulo),2016,Mundo Novo,Natural / Dry,695.0,81.08
Nicaragua,jinotega,2015,Other,Washed / Wet,1100.0,81.08
"Tanzania, United Republic Of","iwala village, mbeya rural",2014,Other,Washed / Wet,1456.0,81.08
Costa Rica,naranjo,2014,Caturra,Washed / Wet,1500.0,81.08
United States (Puerto Rico),yauco region,2013,Other,Washed / Wet,853.44,81.08
Mexico,san fernando,2012,Typica,Washed / Wet,1650.0,81.08
Mexico,santo reyes nopala,2012,Typica,Washed / Wet,1300.0,81.08
Mexico,santa maria sitepec,2012,Typica,Washed / Wet,1642.0,81.08
Mexico,talpa de allende,2012,Typica,Washed / Wet,1200.0,81.08
United States (Hawaii),,2012,Hawaiian Kona,Washed / Wet,,81.08
Brazil,grama valley,,Bourbon,Pulped natural / honey,,81.0
El Salvador,apaneca,2017,Bourbon,Washed / Wet,1450.0,81.0
Brazil,grama valley,2016,Yellow Bourbon,Pulped natural / honey,,81.0
Guatemala,norte,2016,Bourbon,Washed / Wet,3280.0,81.0
Colombia,guayata,2016,Caturra,Washed / Wet,1600.0,81.0
Guatemala,oriente,2015,Bourbon,Washed / Wet,1219.2,81.0
Taiwan,"dongshan dist., tainan city 臺南市東山區",2015,Typica,Washed / Wet,758.0,81.0
Honduras,san marcos,2014,Caturra,Natural / Dry,1350.0,81.0
Brazil,cerrado,2014,Mundo Novo,Natural / Dry,,81.0
"Tanzania, United Republic Of",arusha,2014,Other,Washed / Wet,1525.0,81.0
Uganda,eastern,2013,SL14,Natural / Dry,1700.0,81.0
Taiwan,nantou,2013,Typica,Semi-washed / Semi-pulped,1100.0,81.0
Mexico,"motozintla, chiapas",2012,Other,Washed / Wet,950.0,81.0
Mexico,adolfo lopez mateos,2012,Typica,Washed / Wet,1100.0,81.0
Taiwan,taiwan,2017,Other,Washed / Wet,200.0,80.92
Guatemala,oriente,2017,Bourbon,Washed / Wet,1901.0,80.92
Kenya,kiambu,2017,SL28,Washed / Wet,1600.0,80.92
Mexico,veracruz,2017,Bourbon,Washed / Wet,1100.0,80.92
Myanmar,pyinoolwin,2015,Other,Other,1066.8,80.92
United States (Hawaii),kona,2014,Hawaiian Kona,Natural / Dry,,80.92
"Tanzania, United Republic Of","manyara, karatu",2014,Other,Washed / Wet,1700.0,80.92
Brazil,mantiqueira de minas,2014,Yellow Bourbon,Natural / Dry,1200.0,80.92
Taiwan,台中新社,2014,Typica,Washed / Wet,550.0,80.92
Brazil,south of minas,2014,Bourbon,Natural / Dry,1100.0,80.92
Nicaragua,matagalpa,2013,Caturra,Washed / Wet,1050.0,80.92
Guatemala,jalapa,2014,Pacas,Washed / Wet,1524.0,80.92
Taiwan,taichung taiping 台中市太平區,2013,Typica,Washed / Wet,900.0,80.92
Taiwan,nantou,2013,Typica,Other,688.0,80.92
Taiwan,new taipei zhonghe 新北市中和區,2013,Typica,Washed / Wet,300.0,80.92
Mexico,ixhuatlan del cafe,2012,Typica,Washed / Wet,1186.0,80.92
Laos,"paksong,laos",2016,Catimor,Washed / Wet,1300.0,80.83
Guatemala,orient,2013,Caturra,Washed / Wet,1200.0,80.83
Mexico,motozintla,2012,Catuai,Semi-washed / Semi-pulped,1210.0,80.83
Mexico,oaxaca,2012,Typica,Washed / Wet,1100.0,80.83
United States (Hawaii),kona,2012,Hawaiian Kona,Washed / Wet,,80.83
Myanmar,ywar ngan,2015,Catuai,Washed / Wet,3825.0,80.75
Guatemala,huehuetenango,2015,Caturra,Washed / Wet,1706.88,80.75
Honduras,"siguatepeque, comayagua",2015,Caturra,Natural / Dry,1450.0,80.75
Panama,boquete,2014,Caturra,Other,1680.0,80.75
Honduras,marcala,2015,Catuai,Washed / Wet,1350.0,80.75
Honduras,central region,2015,Catuai,Natural / Dry,1450.0,80.75
Costa Rica,san ramon,2014,Caturra,Washed / Wet,1300.0,80.75
Mexico,oaxaca,2012,Typica,Washed / Wet,1200.0,80.75
Haiti,haiti,2012,Typica,Washed / Wet,1000.0,80.75
Taiwan,taiwan,2016,Typica,Other,,80.67
Guatemala,antigua,2015,Bourbon,Washed / Wet,1500.0,80.67
Malawi,southern- zomba,2014,Caturra,Washed / Wet,995.0,80.67
Mexico,"el desmoronado, talpan de allende jalisco",2014,Typica,Washed / Wet,1200.0,80.67
Colombia,santander,2014,Caturra,Natural / Dry,1550.0,80.67
Guatemala,"san lucas toliman, solola",2013,Bourbon,Washed / Wet,1550.0,80.67
Guatemala,oriente,2012,Bourbon,Washed / Wet,,80.67
Guatemala,oriente,2012,Bourbon,Washed / Wet,,80.67
"Tanzania, United Republic Of",arusha,2014,Other,Washed / Wet,1400.0,80.58
Brazil,south of minas,2014,Bourbon,Semi-washed / Semi-pulped,1200.0,80.58
Honduras,occidental,2014,Caturra,Washed / Wet,1400.0,80.58
Guatemala,huehuetenango,2014,Bourbon,Natural / Dry,1383.792,80.58
Guatemala,santa rosa,2017,Caturra,Washed / Wet,1500.0,80.5
Honduras,ocotepeque,2017,Catuai,Washed / Wet,1650.0,80.5
Brazil,vale da grama,2015,Yellow Bourbon,Semi-washed / Semi-pulped,1250.0,80.5
Myanmar,pyin oo lwin,2015,Other,Washed / Wet,3800.0,80.5
Guatemala,oriente,2014,Other,Washed / Wet,1219.2,80.5
Brazil,mantiqueira de minas,2013,Yellow Bourbon,Semi-washed / Semi-pulped,1250.0,80.5
United States (Hawaii),kona,2013,Hawaiian Kona,Natural / Dry,,80.5
Guatemala,huehuetenango,2013,Bourbon,Washed / Wet,1859.28,80.5
Mexico,zaragoza itundujia,2012,Typica,Washed / Wet,1450.0,80.5
Taiwan,南投國姓,2014,Typica,Washed / Wet,600.0,80.42
El Salvador,"department of ahuachapan, municipality of apanecallamatepec mountain",2013,Bourbon,Washed / Wet,1450.0,80.42
China,yunnan,2013,Other,Washed / Wet,1700.0,80.42
Taiwan,nantou,2013,Typica,Washed / Wet,600.0,80.42
Mexico,pochutla,2012,Typica,Washed / Wet,1050.0,80.42
Mexico,la concordia,2012,Caturra,Washed / Wet,1550.0,80.42
"Tanzania, United Republic Of",mkuu rombo,2015,Bourbon,Washed / Wet,1700.0,80.33
"Tanzania, United Republic Of",arusha,2014,Other,Washed / Wet,,80.33
Taiwan,taichung xinshe 台中市新社區,2013,Yellow Bourbon,Other,600.0,80.33
Guatemala,oriente,2013,Bourbon,Washed / Wet,1310.64,80.33
Mexico,chilón,2012,Typica,Semi-washed / Semi-pulped,940.0,80.33
United States (Hawaii),kona,2012,Hawaiian Kona,Washed / Wet,,80.33
Brazil,cerrado - monte carmelo - minas gerais,2017,Catuai,Natural / Dry,995.0,80.25
Honduras,comayagua,2016,Caturra,Natural / Dry,1400.0,80.25
Mexico,sierra madre occidental,2016,Caturra,Washed / Wet,1600.0,80.25
Myanmar,"yauk sauk, shan state",2015,Other,Natural / Dry,914.4,80.25
Myanmar,ywar ngan,2014,Catuai,Natural / Dry,4287.0,80.25
Nicaragua,matagalpa,2015,Caturra,Washed / Wet,900.0,80.25
United States (Hawaii),kona,2014,Hawaiian Kona,Natural / Dry,,80.25
Colombia,,2012,Typica,Washed / Wet,,80.25
Taiwan,chiayi fanlu嘉義縣番路鄉,2013,Typica,Semi-washed / Semi-pulped,700.0,80.25
Guatemala,oriente,2012,Caturra,Washed / Wet,1400.0,80.25
Mexico,"calnali, hidalgo",2012,Caturra,Washed / Wet,808.0,80.25
Vietnam,dala,2017,Catimor,Other,1550.0,80.17
Nicaragua,jinotega,2015,Caturra,Washed / Wet,1187.5,80.17
Honduras,marcala,2015,Catuai,Washed / Wet,1400.0,80.17
Guatemala,oriente,2013,Bourbon,Washed / Wet,1310.64,80.17
Mexico,coatepec,2012,Typica,Washed / Wet,1250.0,80.17
Mexico,zaragoza itundujia,2012,Typica,Washed / Wet,1550.0,80.17
Mexico,veracruz,2012,Bourbon,Washed / Wet,1000.0,80.17
Guatemala,oriente,2012,Bourbon,Washed / Wet,1310.64,80.17
Brazil,mantiqueira de minas,2017,Bourbon,Pulped natural / honey,1100.0,80.08
Taiwan,苗栗泰安,2014,Typica,Washed / Wet,850.0,80.08
Taiwan,yunlin gukeng he bao 雲林縣古坑鄉荷苞村,2013,Typica,Other,200.0,80.08
Taiwan,changhua baguashan 彰化市八卦山,2013,Typica,Semi-washed / Semi-pulped,250.0,80.08
Mexico,zaragoza itundujia,2012,Typica,Washed / Wet,1300.0,80.08
Mexico,escuitla,2012,Typica,Washed / Wet,1300.0,80.08
Nicaragua,jinotega,2017,Caturra,Washed / Wet,1250.0,80.0
Myanmar,"doe kwin, pyin oo lwin",2015,Other,Washed / Wet,3845.0,80.0
Mexico,"sierra fraylesca, chiapas",2014,Typica,Washed / Wet,1400.0,80.0
Taiwan,changhua baguashan 彰化市八卦山,2013,Typica,Washed / Wet,250.0,80.0
Mexico,coatepec,2012,Typica,Washed / Wet,1250.0,80.0
Mexico,san miguel del puerto,2012,Other,Washed / Wet,1100.0,80.0
United States (Hawaii),kona,2014,Hawaiian Kona,Natural / Dry,,79.92
Mexico,chiapas,2013,Bourbon,Washed / Wet,1300.0,79.92
Mexico,"motozintla, chiapas",2012,Other,Washed / Wet,1100.0,79.92
Mexico,veracruz,2012,Bourbon,Washed / Wet,1100.0,79.92
Mexico,jaltenango,2012,Catuai,Washed / Wet,1100.0,79.92
Mexico,coatepec,2012,Typica,Natural / Dry,1250.0,79.92
Mexico,veracruz,2012,Mundo Novo,Washed / Wet,1250.0,79.92
Guatemala,san marcos,2017,Bourbon,Washed / Wet,1700.0,79.83
Nicaragua,jinotega,2014,Caturra,Washed / Wet,1250.0,79.83
Mexico,veracruz,2012,Typica,Washed / Wet,1300.0,79.83
United States (Hawaii),kona,2012,Hawaiian Kona,Natural / Dry,,79.83
Taiwan,"taiwu township , pingtung county 屏東縣泰武鄉",2014,Typica,Natural / Dry,1000.0,79.75
Taiwan,"baihe dist., tainan city 臺南市白河區",2013,Typica,Washed / Wet,600.0,79.75
Costa Rica,brunca,2013,Catuai,Washed / Wet,1100.0,79.75
Mexico,"la concordia, chiapas",2013,Typica,Washed / Wet,1400.0,79.75
Mexico,chiapas,2013,Bourbon,Washed / Wet,1022.0,79.75
Mexico,chiapas,2013,Bourbon,Washed / Wet,1300.0,79.75
Mexico,zaragoza itundujia,2012,Bourbon,Washed / Wet,1450.0,79.75
Mexico,pochutla,2012,Typica,Washed / Wet,1050.0,79.75
Guatemala,antigua,2012,Bourbon,Washed / Wet,,79.75
Mexico,tuxtla gutierrez,2012,Typica,Washed / Wet,1100.0,79.75
Guatemala,oriente,2016,Bourbon,Washed / Wet,1219.2,79.67
El Salvador,cacahuatique,2016,Bourbon,Washed / Wet,1250.0,79.67
Guatemala,oriente,2013,Bourbon,Washed / Wet,1310.64,79.67
Mexico,"la concordia, chiapas",2013,Typica,Washed / Wet,1400.0,79.67
Mexico,"tenango de doria, hidalgo",2012,Caturra,Washed / Wet,975.0,79.67
Mexico,"coatepec, coatepec",2012,Mundo Novo,Washed / Wet,1264.0,79.67
Mexico,tepetzingo,2012,Typica,Washed / Wet,1250.0,79.58
Mexico,la concordia,2012,Caturra,Washed / Wet,1550.0,79.58
Nicaragua,jinotega,2015,Caturra,Natural / Dry,1050.0,79.5
Taiwan,nantou,2014,Typica,Natural / Dry,700.0,79.5
Colombia,cundinamarca,2013,Caturra,Washed / Wet,1550.0,79.5
Mexico,la concordia,2012,Caturra,Washed / Wet,1550.0,79.5
Mexico,"coatepec, coatepec",2012,Typica,Washed / Wet,1100.0,79.5
Guatemala,oriente,2013,Bourbon,Washed / Wet,1219.2,79.42
Guatemala,oriente,2014,Other,Washed / Wet,1219.2,79.42
Mexico,xicotepec de juarez,2012,Typica,Washed / Wet,800.0,79.42
Colombia,pereira,2013,Caturra,Washed / Wet,1200.0,79.33
Mexico,zentla,2012,Typica,Washed / Wet,950.0,79.33
Mexico,zentla,2012,Typica,Washed / Wet,750.0,79.33
Guatemala,oriente,2012,Bourbon,Washed / Wet,,79.33
Taiwan,natou county,2014,Typica,Washed / Wet,850.0,79.25
Mexico,veracruz,2012,Bourbon,Washed / Wet,1000.0,79.25
Guatemala,santa rosa,2017,Bourbon,Washed / Wet,1219.2,79.17
Honduras,ocotepeque,2017,Catuai,Washed / Wet,1650.0,79.17
Guatemala,occidente,2016,Bourbon,Washed / Wet,1320.0,79.17
Guatemala,nuevo oriente,2015,Catuai,Washed / Wet,1550.0,79.17
Costa Rica,san rafael,2012,Catuai,Washed / Wet,,79.17
Mexico,zaragoza itundujia,2012,Typica,Washed / Wet,1550.0,79.17
Mexico,yajalon,2012,Typica,Washed / Wet,1450.0,79.17
Mexico,"pluma hidalogo, oaxaca",,Typica,,1200.0,79.17
Guatemala,san marcos,2017,Bourbon,Washed / Wet,1700.0,79.08
United States (Puerto Rico),yauco region,2013,Other,Washed / Wet,853.44,79.08
Mexico,zaragoza itundujia,2012,Typica,Washed / Wet,1500.0,79.08
Mexico,tlacuilotepec,2012,Mundo Novo,Washed / Wet,1100.0,79.08
Mexico,talpa de allende,2012,Typica,Washed / Wet,1200.0,79.08
Guatemala,oriente,2014,Other,Washed / Wet,1219.2,79.0
Honduras,intibuca,2014,Pacas,Washed / Wet,1350.0,79.0
Peru,san ignacio,2012,Typica,Washed / Wet,1400.0,79.0
Mexico,"iliatenco, guerrero",2012,Mundo Novo,Natural / Dry,1300.0,79.0
Mexico,zaragoza itundujia,2012,Typica,Semi-washed / Semi-pulped,1550.0,79.0
Mexico,"la concordia, chiapas",2013,Typica,Washed / Wet,1300.0,78.92
Mexico,zaragoza itundujia,2012,Typica,Washed / Wet,1400.0,78.92
Nicaragua,jalapa,2016,Caturra,Other,1100.0,78.83
Guatemala,oriente,2013,Bourbon,Washed / Wet,1310.64,78.75
Mexico,veracruz,2012,Typica,Washed / Wet,1320.0,78.75
Mexico,veracruz,2012,Typica,Semi-washed / Semi-pulped,1250.0,78.75
Mexico,"ohuapan, tlaltetela",2012,Bourbon,Washed / Wet,1350.0,78.75
China,yunnan,2013,Typica,Washed / Wet,1850.0,78.67
Mexico,yecuatla,2012,Caturra,Washed / Wet,1150.0,78.67
Guatemala,oriente,2014,Other,Washed / Wet,1219.2,78.58
Taiwan,"dongshan dist., tainan city 臺南市東山區",2013,Typica,Washed / Wet,800.0,78.58
Mexico,tapachula,2012,Typica,Washed / Wet,1400.0,78.58
Mexico,cofradia de suchitlan,2012,Typica,Washed / Wet,1300.0,78.58
Mexico,"sierra, chiapas",2014,Bourbon,Washed / Wet,1600.0,78.5
Mexico,villa talea de castro,2012,Typica,Washed / Wet,1400.0,78.5
Mexico,los angeles,2012,Caturra,Washed / Wet,1200.0,78.5
Brazil,monte carmelo,2014,Catuai,Natural / Dry,,78.42
Mexico,zaragoza itundujia,2012,Typica,Washed / Wet,1500.0,78.42
United States (Hawaii),kona,2014,Hawaiian Kona,Natural / Dry,,78.33
Guatemala,oriente,2014,Other,Washed / Wet,1219.2,78.33
Guatemala,oriente,2012,Bourbon,Washed / Wet,1310.64,78.33
Mexico,"xochitonalco, huautla        ",2012,Typica,Natural / Dry,1300.0,78.33
Guatemala,oriente,2012,Bourbon,Washed / Wet,,78.33
United States (Hawaii),kona,2014,Hawaiian Kona,Natural / Dry,,78.25
United States (Hawaii),kona,2012,Hawaiian Kona,Natural / Dry,,78.25
Mexico,cordoba,2012,Typica,Washed / Wet,1050.0,78.08
Taiwan,"台南市東山區( dongshan dist., tainan city)",2016,Yellow Bourbon,Washed / Wet,650.0,78.0
Honduras,intibuca,2014,Pacas,Natural / Dry,1350.0,78.0
United States (Hawaii),kona,2014,Hawaiian Kona,Natural / Dry,,78.0
Guatemala,oriente,2014,Other,Washed / Wet,1219.2,78.0
China,yunnan,2013,Typica,Washed / Wet,1200.0,78.0
Guatemala,oriente,2013,Bourbon,Washed / Wet,1310.64,78.0
Mexico,"motozintla, chiapas",2012,Other,Washed / Wet,850.0,78.0
Costa Rica,occidental,2014,Caturra,Washed / Wet,1200.0,77.92
Mexico,petatlan,2012,Typica,Washed / Wet,1248.0,77.92
Guatemala,oriente,2012,Bourbon,Washed / Wet,,77.92
Guatemala,oriente,2013,Bourbon,Washed / Wet,1310.64,77.83
Taiwan,"dongshan dist., tainan city 臺南市東山區",2012,Typica,Washed / Wet,775.0,77.67
Mexico,coatepec,2012,Typica,Washed / Wet,1300.0,77.5
Guatemala,oriente,2013,Bourbon,Washed / Wet,1310.64,77.42
Brazil,south of minas,2017,Bourbon,Natural / Dry,890.0,77.33
Guatemala,oriente,2014,Other,Washed / Wet,1219.2,77.33
Mexico,zaragoza itundujia,2012,Typica,Washed / Wet,1500.0,77.33
Haiti,"dondon, haiti",2013,Typica,Washed / Wet,825.0,77.25
Mexico,"motozintla, chiapas",2012,Other,Washed / Wet,1200.0,77.17
Peru,san ignacio,2014,Caturra,Washed / Wet,1200.0,77.0
Mexico,"pluma hidalogo, oaxaca",,Typica,,1200.0,76.75
Guatemala,oriente,2012,Bourbon,Washed / Wet,,76.5
Mexico,coatepec,2012,Typica,Washed / Wet,1100.0,76.42
Guatemala,oriente,2012,Bourbon,Washed / Wet,1310.64,76.33
Guatemala,oriente,2011,Bourbon,Washed / Wet,,76.33
United States (Hawaii),kona,2014,Hawaiian Kona,Natural / Dry,,76.25
Mexico,zaragoza itundujia,2012,Typica,Washed / Wet,1400.0,76.17
Indonesia,indonesia,2011,Other,Natural / Dry,3500.0,76.17
Mexico,tepictla,2012,Bourbon,Washed / Wet,1250.0,76.08
Honduras,intibuca,2014,Pacas,Natural / Dry,1350.0,76.0
Guatemala,oriente,2012,Bourbon,Washed / Wet,1310.64,75.58
Guatemala,oriente,2012,Bourbon,Washed / Wet,,75.58
Mexico,ocosingo,2012,Mundo Novo,Washed / Wet,1200.0,75.17
Mexico,,2012,Other,Washed / Wet,1100.0,75.17
Mexico,huautla de jimenez,2012,Typica,Washed / Wet,1280.0,75.17
Mexico,menglian,2012,Typica,Washed / Wet,850.0,75.0
Mexico,zaragoza itundujia,2012,Typica,Washed / Wet,1500.0,74.92
Mexico,coatepec,2012,Typica,Washed / Wet,1250.0,74.83
Guatemala,oriente,2012,Bourbon,Washed / Wet,,74.75
Guatemala,oriente,2012,Bourbon,Washed / Wet,,74.75
Mexico,chiapas,2013,Typica,Washed / Wet,1700.0,74.67
United States (Hawaii),kona,2014,Hawaiian Kona,Natural / Dry,,74.42
Guatemala,oriente,2013,Bourbon,Washed / Wet,1310.64,74.33
Mexico,"chocaman, veracruz",2012,Typica,Washed / Wet,1140.0,74.33
Mexico,xalapa,2012,Typica,Washed / Wet,1200.0,74.0
Mexico,coatepec,2012,Typica,Washed / Wet,1250.0,73.83
United States (Hawaii),kona,2012,Hawaiian Kona,Natural / Dry,,73.67
Honduras,intibuca,2014,Pacas,Washed / Wet,1350.0,73.42
Mexico,sierra alta mixe y zapoteca,2014,Typica,Washed / Wet,1200.0,72.92
United States (Hawaii),kona,2014,Hawaiian Kona,Natural / Dry,,72.58
Costa Rica,occidental,2014,Caturra,Washed / Wet,1200.0,71.75
Mexico,tlatlauquitepec,2012,Mundo Novo,Washed / Wet,800.0,71.08
Mexico,veracruz,2012,Bourbon,Washed / Wet,1800.0,71.0
Mexico,"sierra norte yajalon, chiapas",2014,Typica,Washed / Wet,1000.0,70.75
Honduras,marcala,2014,Catuai,Washed / Wet,1450.0,69.33
Honduras,marcala,2014,Catuai,Washed / Wet,1450.0,69.17
Honduras,marcala,2014,Catuai,Washed / Wet,1450.0,69.17
Mexico,juchique de ferrer,2012,Bourbon,Washed / Wet,900.0,68.33
Haiti,"department d'artibonite , haiti",2012,Typica,Natural / Dry,350.0,67.92
Nicaragua,jalapa,2016,Caturra,Other,1100.0,63.08
Guatemala,nuevo oriente,2012,Catuai,Washed / Wet,1417.32,59.83
